INSERT INTO "user" (user_id, firstname, lastname, email, username, password, created_at)
VALUES
  (2042, 'Michael', 'Campbell', 'eric95@example.org', 'davisdebbie', 's!#)5Fxx#S', '2023-03-14 23:09:32'),
  (2043, 'Rick', 'Nelson', 'castrojason@example.com', 'willischristine', '5kHCjtm!(A', '2023-06-01 22:21:09'),
  (2044, 'Brandon', 'Peterson', 'richardjohnson@example.net', 'hillandrea', '$juAmtXBS7', '2023-02-11 00:46:17'),
  (2045, 'Stacey', 'Smith', 'michaelbrown@example.org', 'staceywilson', '*mACBLZtQ6', '2023-02-13 20:15:59'),
  (2046, 'Mary', 'Williams', 'katherinebutler@example.net', 'hamiltondawn', 'pf3I(il_*V', '2023-06-12 19:10:06'),
  (2047, 'Richard', 'Smith', 'wilcoxamanda@example.com', 'housesheena', '!496x2Wfa9', '2023-04-04 04:25:18'),
  (2048, 'Tina', 'Armstrong', 'greenmartha@example.org', 'benjamin55', '&2WTtdNY@v', '2023-05-04 14:51:03'),
  (2049, 'Matthew', 'Chen', 'katherine60@example.net', 'romeroandrew', 'U_9fRH+hpU', '2023-02-22 11:09:54'),
  (2050, 'Ashley', 'Villarreal', 'pettyjohn@example.net', 'catherine05', 'x#2qVFcfdB', '2023-05-14 20:01:47'),
  (2051, 'Johnny', 'Davis', 'katie56@example.com', 'alexscott', 'YUid8NOa#_', '2023-02-26 02:08:08'),
  (2052, 'Nicole', 'Williams', 'xwright@example.com', 'theresacisneros', '@_8EwPEc@L', '2023-01-16 17:29:57'),
  (2053, 'Brady', 'Fuentes', 'wilkinsonkatherine@example.net', 'riddlejodi', '&R5!P+xk5w', '2023-01-22 17:29:35'),
  (2054, 'Chad', 'Mcdonald', 'michaelhernandez@example.com', 'nataliechung', '38lwnAKf_a', '2023-02-11 07:54:27'),
  (2055, 'Brian', 'Gentry', 'ssharp@example.com', 'williamstanya', '_YdcS8j#9e', '2023-05-22 19:31:58'),
  (2056, 'Loretta', 'Anthony', 'nicholasswanson@example.net', 'tammydavis', '1_84Knw&ty', '2023-05-09 19:26:59'),
  (2057, 'Joseph', 'Moore', 'barrettsarah@example.com', 'martinezkathleen', '(jbHQ*Kel8', '2023-03-26 10:08:39'),
  (2058, 'Daniel', 'Smith', 'delgadochristian@example.org', 'geraldsanders', 'mt)4Kme1Z&', '2023-05-31 05:11:01'),
  (2059, 'Kimberly', 'Smith', 'mark08@example.org', 'smithautumn', '(%*G+z1J9b', '2023-02-26 05:04:18'),
  (2060, 'Beth', 'Nelson', 'jacquelinefuentes@example.org', 'gomezrebecca', '8F@5EQy&FA', '2023-02-06 17:00:59'),
  (2061, 'Briana', 'Doyle', 'henrygomez@example.org', 'victoriajohnson', 'Mw20*BX&P&', '2023-04-29 02:39:55'),
  (2062, 'Judith', 'Blair', 'nicholsjohn@example.org', 'doriscosta', '53BqZAyE@+', '2023-04-10 22:50:31'),
  (2063, 'Brandon', 'Gonzalez', 'leesusan@example.com', 'kimberlyholland', '6_FCl%Oi@B', '2023-04-29 15:29:21'),
  (2064, 'Michael', 'Waller', 'kaitlyn72@example.com', 'patricia67', 'f7QC_ijk%f', '2023-01-19 16:38:35'),
  (2065, 'Marc', 'Salinas', 'johnstonbianca@example.com', 'mendezerika', '$Nh8Qo0URS', '2023-03-09 17:34:17'),
  (2066, 'Jesse', 'Aguilar', 'gordonarmstrong@example.net', 'catherinetownsend', 'n0*eM+ZQ$9', '2023-01-20 08:03:23'),
  (2067, 'Allison', 'Frank', 'waltonbeth@example.org', 'pateldiana', '+6+edT0gP7', '2023-05-08 15:03:44'),
  (2068, 'Dylan', 'Walker', 'zcole@example.net', 'sarahjimenez', '49Zgta)y*8', '2023-04-23 05:45:56'),
  (2069, 'Joshua', 'Coleman', 'william88@example.com', 'rachelklein', 'a%12q!(aaY', '2023-02-18 12:54:39'),
  (2070, 'Ryan', 'Lopez', 'torresheather@example.org', 'michael97', 'Wo07R9Qm0!', '2023-02-05 20:45:02'),
  (2071, 'Michelle', 'Powell', 'whitney80@example.org', 'tamilandry', '39TQz2LK$9', '2023-06-09 05:40:21'),
  (2072, 'Rachel', 'Gibson', 'lewisterri@example.org', 'charlesrobertson', '%nRUuJ3P%6', '2023-04-08 13:02:37'),
  (2073, 'Allen', 'Phillips', 'cwright@example.org', 'cunninghamstephen', 'UkADNoOO)6', '2023-04-28 00:35:00'),
  (2074, 'William', 'Sanchez', 'krystal61@example.net', 'billyarnold', '!6Ao2yUG)u', '2023-03-30 12:30:11'),
  (2075, 'Jennifer', 'Gomez', 'cindykelley@example.org', 'jessicamiller', 'rDYC99Bw^s', '2023-05-14 07:01:34'),
  (2076, 'David', 'Walsh', 'donalddavenport@example.net', 'jefferyhoward', '*4GuOz2Ki6', '2023-05-26 19:51:19'),
  (2077, 'Erin', 'Mann', 'yscott@example.com', 'madisonromero', '8hZy9Jln+8', '2023-04-11 21:16:40'),
  (2078, 'Michelle', 'Beard', 'michael90@example.com', 'gordoncynthia', '*$Un$tSw@5', '2023-04-14 21:16:34'),
  (2079, 'Julie', 'Jones', 'xmiller@example.net', 'willissamantha', 'rwU5)eEw$K', '2023-06-11 16:17:08'),
  (2080, 'Tracy', 'Carroll', 'coreyadams@example.net', 'rodriguezrenee', 'Yh7jwE5d)S', '2023-06-28 23:22:24'),
  (2081, 'Willie', 'Lawson', 'brian02@example.com', 'walterscynthia', ')9P%7YMn*&', '2023-01-21 19:15:17'),
  (2082, 'Debra', 'Webster', 'johnsonandrew@example.net', 'jacksondavid', '!$7!xVQxf_', '2023-02-20 12:04:11'),
  (2083, 'David', 'King', 'mirandahaney@example.org', 'melinda22', 'JG5+8wJbts', '2023-01-15 18:21:12'),
  (2084, 'Gloria', 'Phillips', 'richardlittle@example.org', 'steinsavannah', '$eHz2jRt@j', '2023-01-09 05:59:52'),
  (2085, 'Monique', 'Doyle', 'donald67@example.com', 'mcclureangel', '%aUNZph$e7', '2023-04-03 13:26:47'),
  (2086, 'Melanie', 'Armstrong', 'hnavarro@example.net', 'davidgonzalez', '7W3^!Czv^@', '2023-06-11 19:47:11'),
  (2087, 'Mary', 'Frederick', 'codypeterson@example.com', 'logancooper', '#)af!+(k7Z', '2023-05-28 00:05:53'),
  (2088, 'Victoria', 'Carlson', 'ysullivan@example.org', 'michael35', 'g#MF332g#X', '2023-04-23 10:28:17'),
  (2089, 'Bobby', 'Dominguez', 'yarnold@example.net', 'tammygolden', 'Iy1ZC1tb*(', '2023-01-25 11:07:34'),
  (2090, 'Ernest', 'Smith', 'asmith@example.net', 'richardarnold', '@^5uEio2&Z', '2023-02-22 13:19:44'),
  (2091, 'Christopher', 'Garcia', 'bhawkins@example.net', 'deborahgreen', 'N8L@zmqt^c', '2023-02-25 04:26:33'),
  (2092, 'Joyce', 'Mcdowell', 'norma17@example.org', 'riverskimberly', '%w1yQyZzfl', '2023-05-17 14:01:26'),
  (2093, 'Teresa', 'Nguyen', 'joneskim@example.org', 'porteralejandro', 'kL_4YAvSr3', '2023-02-03 18:33:22'),
  (2094, 'Lisa', 'Myers', 'jonessteven@example.net', 'gregory40', 'j^1VXkIinH', '2023-03-04 07:56:19'),
  (2095, 'Amber', 'Brown', 'chadtrujillo@example.com', 'taylorjohn', 'y$7cRWegCY', '2023-05-17 04:15:24'),
  (2096, 'Bonnie', 'Gutierrez', 'benjaminbishop@example.com', 'johnsonsonya', '%6YSyidm0z', '2023-02-01 07:18:20'),
  (2097, 'Mary', 'Dominguez', 'swhite@example.net', 'portermark', '!39HEqqU0r', '2023-03-13 08:37:12'),
  (2098, 'Carla', 'Johnson', 'brownkristen@example.org', 'michael29', 'qT3hLd&#@x', '2023-04-09 08:36:32'),
  (2099, 'Tony', 'Marshall', 'kimberlyperez@example.org', 'ocastillo', '3^d8N2x(Ge', '2023-02-04 12:33:59'),
  (2100, 'Elizabeth', 'Robinson', 'debrawong@example.net', 'lisacameron', '^5T5Cw%7wC', '2023-01-27 11:53:45'),
  (2101, 'Angela', 'Berry', 'slopez@example.com', 'juliepollard', '&4VCxKk%5*', '2023-06-15 15:38:42'),
  (2102, 'Alvin', 'Spencer', 'anelson@example.com', 'nicholasrobbins', '#4L5Ri)th(', '2023-03-05 04:26:57'),
  (2103, 'Sarah', 'Skinner', 'smithjill@example.org', 'williamhawkins', '+%W7htqb_0', '2023-01-10 09:39:28'),
  (2104, 'Frances', 'Salazar', 'david41@example.org', 'blackroger', '_@7Y5fvDZP', '2023-05-12 21:08:28'),
  (2105, 'Gabriel', 'Adkins', 'moniquecarson@example.net', 'nwilliams', 'A9PZLnf(&O', '2023-06-03 00:25:38'),
  (2106, 'Danielle', 'Sandoval', 'pachecoallison@example.org', 'adambrown', '*@o41Orfsw', '2023-04-02 23:09:37'),
  (2107, 'Holly', 'Chen', 'jspencer@example.net', 'brandymatthews', 'xF)q2BaPO4', '2023-05-29 14:14:53'),
  (2108, 'Ronald', 'Barry', 'shirley07@example.net', 'johnstonjonathan', 'k!3Yb4gQF$', '2023-05-28 16:05:07'),
  (2109, 'Troy', 'Powell', 'jennifer13@example.org', 'loganlinda', 'F5L)LxCx%z', '2023-02-07 16:32:18'),
  (2110, 'Lauren', 'Miller', 'sotoanna@example.com', 'jamesperez', 'w_A36PQeQF', '2023-02-02 13:56:06'),
  (2111, 'Vicki', 'Mann', 'hodgeseric@example.net', 'ericlynch', '$3TrM0$smL', '2023-03-07 17:02:33'),
  (2112, 'Henry', 'Vega', 'meredithperry@example.com', 'kimanthony', 'H%pW62bE4M', '2023-05-13 16:31:00'),
  (2113, 'Benjamin', 'Hart', 'tuckerphillip@example.com', 'anthony27', '#%n1yISays', '2023-03-28 05:52:20'),
  (2114, 'Amanda', 'Flynn', 'fredericksylvia@example.org', 'valerie18', '+v5I1iS!^P', '2023-04-17 21:02:29'),
  (2115, 'Denise', 'Smith', 'bsaunders@example.org', 'washingtonbrian', 'H#D4Q7Aj(Y', '2023-03-09 20:39:03'),
  (2116, 'Sheila', 'Wright', 'carpenterconnie@example.org', 'torresstephanie', '@d@+4LcfSs', '2023-01-24 08:03:08'),
  (2117, 'Deborah', 'Hudson', 'andersonmaria@example.com', 'kevinwalker', 'okS^2AVvwh', '2023-03-31 16:07:10'),
  (2118, 'Christopher', 'Huang', 'bianca42@example.org', 'fblackburn', 'TiA2Xm_u5*', '2023-01-28 08:35:52'),
  (2119, 'Guy', 'Allison', 'rojasscott@example.org', 'priceseth', '7^8@Aht+IH', '2023-01-10 10:33:03'),
  (2120, 'Jennifer', 'Norton', 'susan79@example.net', 'tonyadalton', 'JM+73Fd5+d', '2023-04-19 06:04:19'),
  (2121, 'Catherine', 'Walker', 'bobby61@example.com', 'jamesmitchell', 'Om!3FWQk%j', '2023-05-27 17:29:53'),
  (2122, 'Cynthia', 'Wells', 'samuelaustin@example.net', 'edwardsedward', 'y+gjq9QgE*', '2023-06-04 08:35:42'),
  (2123, 'Justin', 'Underwood', 'wwilliams@example.net', 'nicolepeck', '#0iQiScv#T', '2023-02-09 11:43:45'),
  (2124, 'Lori', 'Davis', 'ashleyjohnson@example.org', 'william06', 'iY$RoL$o@1', '2023-02-26 06:59:12'),
  (2125, 'Anthony', 'Spence', 'solistiffany@example.net', 'manningelizabeth', 'Q#2(Hhbwhy', '2023-06-18 01:59:05'),
  (2126, 'Michael', 'Hunter', 'adam09@example.net', 'odavenport', '97MgTCYj^j', '2023-02-28 23:09:16'),
  (2127, 'David', 'Foster', 'dnewman@example.com', 'santiagojoshua', '#tSJ8D78^$', '2023-06-23 07:22:07'),
  (2128, 'Jacqueline', 'Harper', 'jennifer05@example.net', 'williamsmith', '^^WS7dUk%R', '2023-05-29 14:20:08'),
  (2129, 'Ronnie', 'Mendoza', 'lisaknox@example.com', 'pattersonbrian', '4!8gAZs2Ra', '2023-02-28 11:05:06'),
  (2130, 'Renee', 'Elliott', 'amartin@example.com', 'nrodriguez', '+Ma2aQzPyJ', '2023-05-14 22:24:58'),
  (2131, 'Patrick', 'Wilkerson', 'tiffany02@example.com', 'hallbrett', 'b1Iyb_#Y!B', '2023-02-10 11:20:36'),
  (2132, 'Karen', 'Harris', 'ehull@example.net', 'hallcassandra', 'K0ZRjoU!%L', '2023-02-08 03:39:36'),
  (2133, 'Megan', 'Page', 'ncarson@example.com', 'william03', '%KE$3KBdae', '2023-05-18 00:46:49'),
  (2134, 'Tiffany', 'Ayala', 'jessica69@example.com', 'montoyajeffrey', '(6MQjAz#))', '2023-04-12 09:46:20'),
  (2135, 'Jennifer', 'Ford', 'christinejackson@example.org', 'timothy18', '7q3Ce+e+^y', '2023-01-30 17:53:05'),
  (2136, 'Edward', 'Daniels', 'michele07@example.net', 'ugonzalez', '_@P3NOfdn4', '2023-04-28 06:52:11'),
  (2137, 'Christina', 'Ramirez', 'qramirez@example.net', 'claytonpaul', '!mEi2OGnl$', '2023-05-03 09:12:37'),
  (2138, 'Michelle', 'Martin', 'stacy14@example.com', 'tammylong', 'jT7%LaWef(', '2023-06-27 22:15:05'),
  (2139, 'Joshua', 'Schneider', 'pattersonjared@example.org', 'collinslauren', '#)7Y0QVmbb', '2023-05-03 12:51:03'),
  (2140, 'Bianca', 'Willis', 'christopher80@example.org', 'jessicawalker', 'Vk0v58UR6*', '2023-06-10 04:25:26'),
  (2141, 'Ashley', 'Martin', 'laurabest@example.com', 'kristen73', '6#92AoEXhQ', '2023-04-07 02:31:21');

INSERT INTO user_email_verification (uev_id, user_id, verified_at)
VALUES
  (1755, 2042, '2023-05-02 05:36:26'),
  (1756, 2043, '2023-05-10 02:46:02'),
  (1757, 2044, '2023-02-15 03:04:14'),
  (1758, 2045, '2023-01-02 16:32:51'),
  (1759, 2046, '2023-05-12 06:37:02'),
  (1760, 2047, '2023-05-09 08:49:32'),
  (1761, 2048, '2023-04-16 19:26:20'),
  (1762, 2049, '2023-02-18 15:42:23'),
  (1763, 2050, '2023-06-21 13:51:31'),
  (1764, 2051, '2023-03-04 08:10:33'),
  (1765, 2052, '2023-02-25 09:32:23'),
  (1766, 2053, '2023-03-10 22:43:39'),
  (1767, 2054, '2023-05-18 06:27:26'),
  (1768, 2055, '2023-03-09 20:18:40'),
  (1769, 2056, '2023-04-12 09:52:45'),
  (1770, 2057, '2023-03-03 07:33:57'),
  (1771, 2058, '2023-04-28 10:19:42'),
  (1772, 2059, '2023-06-04 23:03:14'),
  (1773, 2060, '2023-06-28 04:33:03'),
  (1774, 2061, '2023-06-07 07:01:20'),
  (1775, 2062, '2023-05-04 08:42:08'),
  (1776, 2063, '2023-03-11 19:14:52'),
  (1777, 2064, '2023-04-01 14:55:12'),
  (1778, 2065, '2023-04-23 13:17:56'),
  (1779, 2066, '2023-03-07 09:25:25'),
  (1780, 2067, '2023-06-28 04:22:56'),
  (1781, 2068, '2023-03-07 07:22:50'),
  (1782, 2069, '2023-02-07 15:33:22'),
  (1783, 2070, '2023-02-23 17:55:25'),
  (1784, 2071, '2023-06-22 07:53:06'),
  (1785, 2072, '2023-04-01 04:25:51'),
  (1786, 2073, '2023-05-18 08:03:10'),
  (1787, 2074, '2023-06-12 10:35:26'),
  (1788, 2075, '2023-03-16 09:27:25'),
  (1789, 2076, '2023-04-22 08:07:39'),
  (1790, 2077, '2023-05-14 01:11:34'),
  (1791, 2078, '2023-06-06 19:41:12'),
  (1792, 2079, '2023-06-09 07:03:36'),
  (1793, 2080, '2023-04-17 10:52:53'),
  (1794, 2081, '2023-05-05 18:17:22'),
  (1795, 2082, '2023-01-22 13:40:42'),
  (1796, 2083, '2023-05-25 06:19:45'),
  (1797, 2084, '2023-02-19 04:10:28'),
  (1798, 2085, '2023-03-13 07:41:35'),
  (1799, 2086, '2023-06-25 09:14:04'),
  (1800, 2087, '2023-06-20 02:19:10'),
  (1801, 2088, '2023-01-29 19:12:24'),
  (1802, 2089, '2023-04-15 05:07:14'),
  (1803, 2090, '2023-05-24 02:06:07'),
  (1804, 2091, '2023-06-13 07:24:34'),
  (1805, 2092, '2023-05-28 12:34:02'),
  (1806, 2093, '2023-02-22 01:47:46'),
  (1807, 2094, '2023-03-31 22:42:26'),
  (1808, 2095, '2023-06-30 15:47:46'),
  (1809, 2096, '2023-03-02 15:19:34'),
  (1810, 2097, '2023-06-30 17:41:55'),
  (1811, 2098, '2023-03-23 15:01:52'),
  (1812, 2099, '2023-06-21 00:44:27'),
  (1813, 2100, '2023-03-28 02:34:46'),
  (1814, 2101, '2023-06-22 03:26:51'),
  (1815, 2102, '2023-06-19 16:11:47'),
  (1816, 2103, '2023-03-09 05:11:37'),
  (1817, 2104, '2023-02-01 16:20:00'),
  (1818, 2105, '2023-06-21 01:02:33'),
  (1819, 2106, '2023-05-16 22:59:00'),
  (1820, 2107, '2023-02-05 13:13:46'),
  (1821, 2108, '2023-05-31 10:22:15'),
  (1822, 2109, '2023-03-21 13:57:57'),
  (1823, 2110, '2023-05-12 15:33:37'),
  (1824, 2111, '2023-01-26 15:45:13'),
  (1825, 2112, '2023-05-20 05:57:41'),
  (1826, 2113, '2023-06-29 01:13:54'),
  (1827, 2114, '2023-04-04 18:19:33'),
  (1828, 2115, '2023-06-19 06:24:11'),
  (1829, 2116, '2023-01-18 01:57:17'),
  (1830, 2117, '2023-03-29 03:52:13'),
  (1831, 2118, '2023-05-26 09:08:52'),
  (1832, 2119, '2023-02-27 09:49:34'),
  (1833, 2120, '2023-04-06 10:42:07'),
  (1834, 2121, '2023-02-14 01:26:32'),
  (1835, 2122, '2023-05-27 00:54:27'),
  (1836, 2123, '2023-05-12 00:34:27'),
  (1837, 2124, '2023-05-30 03:43:54'),
  (1838, 2125, '2023-02-04 16:59:07'),
  (1839, 2126, '2023-06-24 06:53:47');


insert into session (session_id, user_id, connected_at)
values (8797,	2066,	'2023-05-10 16:11:24'),
(8798,	2097,	'2023-06-30 21:42:06'),
(8799,	2088,	'2023-02-08 07:22:43'),
(8800,	2061,	'2023-06-26 14:18:28'),
(8801,	2099,	'2023-06-28 21:26:14'),
(8802,	2077,	'2023-05-23 05:13:45'),
(8803,	2049,	'2023-04-26 06:13:09'),
(8804,	2121,	'2023-04-23 09:43:09'),
(8805,	2110,	'2023-05-22 21:30:56'),
(8806,	2048,	'2023-06-16 15:10:33'),
(8807,	2051,	'2023-04-02 10:24:10'),
(8808,	2068,	'2023-04-17 23:23:10'),
(8809,	2075,	'2023-04-18 21:23:00'),
(8810,	2102,	'2023-06-22 11:43:23'),
(8811,	2090,	'2023-06-09 17:52:53'),
(8812,	2083,	'2023-06-29 06:01:23'),
(8813,	2085,	'2023-04-20 16:32:33'),
(8814,	2103,	'2023-04-08 01:37:58'),
(8815,	2116,	'2023-04-08 11:06:05'),
(8816,	2082,	'2023-05-15 19:56:34'),
(8817,	2074,	'2023-06-26 18:04:12'),
(8818,	2112,	'2023-06-11 15:52:18'),
(8819,	2092,	'2023-06-17 05:36:02'),
(8820,	2120,	'2023-06-29 20:18:03'),
(8821,	2100,	'2023-05-10 15:14:55'),
(8822,	2104,	'2023-03-19 23:29:19'),
(8823,	2083,	'2023-06-10 08:28:35'),
(8824,	2104,	'2023-06-28 00:21:28'),
(8825,	2109,	'2023-06-03 16:01:06'),
(8826,	2103,	'2023-03-17 11:23:13'),
(8827,	2101,	'2023-06-27 19:21:54'),
(8828,	2052,	'2023-05-06 11:44:44'),
(8829,	2117,	'2023-03-30 13:46:04'),
(8830,	2065,	'2023-05-18 15:21:33'),
(8831,	2121,	'2023-04-17 17:26:27'),
(8832,	2046,	'2023-05-13 18:57:13'),
(8833,	2079,	'2023-06-23 07:50:21'),
(8834,	2042,	'2023-05-25 19:23:29'),
(8835,	2052,	'2023-05-20 03:47:02'),
(8836,	2075,	'2023-04-25 02:14:08'),
(8837,	2068,	'2023-04-03 00:29:45'),
(8838,	2101,	'2023-06-30 19:15:10'),
(8839,	2044,	'2023-05-28 06:43:30'),
(8840,	2074,	'2023-06-19 21:45:54'),
(8841,	2087,	'2023-06-23 15:32:24'),
(8842,	2060,	'2023-06-29 10:58:12'),
(8843,	2084,	'2023-06-07 22:13:35'),
(8844,	2055,	'2023-03-30 03:01:02'),
(8845,	2085,	'2023-04-14 01:14:54'),
(8846,	2111,	'2023-01-27 10:42:22'),
(8847,	2064,	'2023-06-03 00:35:05'),
(8848,	2120,	'2023-04-07 15:10:53'),
(8849,	2075,	'2023-03-18 07:22:34'),
(8850,	2102,	'2023-06-26 11:25:20'),
(8851,	2053,	'2023-03-31 02:44:31'),
(8852,	2110,	'2023-06-17 15:19:11'),
(8853,	2111,	'2023-05-03 13:56:32'),
(8854,	2075,	'2023-04-01 14:06:22'),
(8855,	2101,	'2023-06-26 00:46:50'),
(8856,	2056,	'2023-04-18 08:59:32'),
(8857,	2087,	'2023-06-20 09:15:58'),
(8858,	2082,	'2023-05-03 05:06:50'),
(8859,	2080,	'2023-05-05 13:05:28'),
(8860,	2045,	'2023-04-18 18:05:02'),
(8861,	2043,	'2023-05-16 02:11:15'),
(8862,	2047,	'2023-06-07 17:48:29'),
(8863,	2067,	'2023-06-29 13:24:37'),
(8864,	2102,	'2023-06-28 09:13:15'),
(8865,	2116,	'2023-03-02 13:14:45'),
(8866,	2044,	'2023-04-19 06:27:30'),
(8867,	2063,	'2023-03-31 14:51:42'),
(8868,	2060,	'2023-06-30 22:17:02'),
(8869,	2102,	'2023-06-30 04:03:45'),
(8870,	2074,	'2023-06-30 14:44:51'),
(8871,	2108,	'2023-06-21 16:25:48'),
(8872,	2069,	'2023-02-13 16:40:09'),
(8873,	2070,	'2023-03-04 06:22:43'),
(8874,	2102,	'2023-06-21 00:12:23'),
(8875,	2109,	'2023-05-30 06:39:15'),
(8876,	2105,	'2023-06-23 07:35:19'),
(8877,	2089,	'2023-05-26 17:14:45'),
(8878,	2125,	'2023-04-21 20:14:57'),
(8879,	2051,	'2023-06-02 21:21:36'),
(8880,	2068,	'2023-03-25 22:54:47'),
(8881,	2106,	'2023-06-20 21:08:08'),
(8882,	2085,	'2023-04-17 08:01:09'),
(8883,	2086,	'2023-06-26 05:47:05'),
(8884,	2097,	'2023-06-30 20:24:14'),
(8885,	2103,	'2023-05-21 16:02:01'),
(8886,	2121,	'2023-03-28 05:59:55'),
(8887,	2083,	'2023-06-29 19:28:08'),
(8888,	2066,	'2023-06-24 13:17:02'),
(8889,	2114,	'2023-06-21 17:51:26'),
(8890,	2082,	'2023-04-27 00:09:24'),
(8891,	2120,	'2023-06-02 08:04:36'),
(8892,	2102,	'2023-06-30 12:08:20'),
(8893,	2055,	'2023-04-21 01:05:11'),
(8894,	2053,	'2023-04-05 16:10:28'),
(8895,	2068,	'2023-04-28 04:37:09'),
(8896,	2078,	'2023-06-15 15:02:00'),
(8897,	2115,	'2023-06-19 22:34:39'),
(8898,	2089,	'2023-06-19 10:16:07'),
(8899,	2048,	'2023-04-29 14:54:50'),
(8900,	2118,	'2023-06-20 15:02:12'),
(8901,	2117,	'2023-05-21 20:58:41'),
(8902,	2101,	'2023-06-28 05:59:20'),
(8903,	2118,	'2023-06-06 13:00:05'),
(8904,	2062,	'2023-06-23 11:48:48'),
(8905,	2101,	'2023-06-22 07:25:51'),
(8906,	2099,	'2023-06-25 00:07:47'),
(8907,	2059,	'2023-06-30 23:23:20'),
(8908,	2115,	'2023-06-21 09:39:34'),
(8909,	2111,	'2023-06-03 13:01:10'),
(8910,	2104,	'2023-02-15 16:42:09'),
(8911,	2087,	'2023-06-20 17:13:59'),
(8912,	2047,	'2023-06-25 15:26:21'),
(8913,	2061,	'2023-06-20 21:14:55'),
(8914,	2124,	'2023-06-07 02:44:48'),
(8915,	2092,	'2023-05-30 13:56:30'),
(8916,	2078,	'2023-06-21 12:43:05'),
(8917,	2084,	'2023-03-06 17:12:22'),
(8918,	2089,	'2023-06-06 00:07:57'),
(8919,	2067,	'2023-06-30 18:46:02'),
(8920,	2062,	'2023-05-04 13:39:31'),
(8921,	2114,	'2023-05-28 05:26:34'),
(8922,	2094,	'2023-05-10 17:19:55'),
(8923,	2068,	'2023-05-12 21:08:10'),
(8924,	2068,	'2023-04-24 23:08:09'),
(8925,	2045,	'2023-06-11 02:51:10'),
(8926,	2105,	'2023-06-23 12:50:47'),
(8927,	2108,	'2023-06-12 10:30:23'),
(8928,	2087,	'2023-06-30 07:28:52'),
(8929,	2080,	'2023-04-25 15:46:29'),
(8930,	2063,	'2023-03-25 06:31:59'),
(8931,	2049,	'2023-04-13 08:13:20'),
(8932,	2047,	'2023-05-25 13:41:02'),
(8933,	2065,	'2023-05-06 17:22:09'),
(8934,	2074,	'2023-06-27 19:49:37'),
(8935,	2082,	'2023-02-15 04:56:51'),
(8936,	2059,	'2023-06-25 13:53:08'),
(8937,	2055,	'2023-05-19 06:47:10'),
(8938,	2126,	'2023-06-30 16:44:29'),
(8939,	2097,	'2023-06-30 17:45:55'),
(8940,	2088,	'2023-05-30 13:36:16'),
(8941,	2067,	'2023-06-30 23:04:13'),
(8942,	2097,	'2023-06-30 20:53:15'),
(8943,	2083,	'2023-06-27 08:46:34'),
(8944,	2079,	'2023-06-10 06:17:06'),
(8945,	2110,	'2023-06-21 05:15:25'),
(8946,	2125,	'2023-02-23 16:13:38'),
(8947,	2098,	'2023-04-07 22:22:14'),
(8948,	2073,	'2023-05-30 14:19:39'),
(8949,	2117,	'2023-06-21 12:10:10'),
(8950,	2085,	'2023-04-06 19:58:50'),
(8951,	2101,	'2023-06-28 17:44:44'),
(8952,	2062,	'2023-05-25 13:21:47'),
(8953,	2062,	'2023-05-04 17:25:35'),
(8954,	2083,	'2023-05-29 23:23:51'),
(8955,	2052,	'2023-02-28 10:11:35'),
(8956,	2044,	'2023-06-07 16:40:41'),
(8957,	2091,	'2023-06-28 03:52:43'),
(8958,	2107,	'2023-05-09 19:26:42'),
(8959,	2075,	'2023-04-13 21:15:31'),
(8960,	2114,	'2023-04-06 05:09:26'),
(8961,	2115,	'2023-06-29 15:41:46'),
(8962,	2094,	'2023-05-22 14:02:58'),
(8963,	2044,	'2023-04-29 16:20:48'),
(8964,	2076,	'2023-05-14 21:39:16'),
(8965,	2122,	'2023-05-29 17:48:25'),
(8966,	2050,	'2023-06-23 07:12:39'),
(8967,	2044,	'2023-05-09 16:00:16'),
(8968,	2082,	'2023-03-23 09:12:44'),
(8969,	2045,	'2023-06-20 01:45:52'),
(8970,	2114,	'2023-06-04 15:59:20'),
(8971,	2084,	'2023-04-21 22:28:24'),
(8972,	2058,	'2023-04-29 22:45:13'),
(8973,	2069,	'2023-03-11 08:20:51'),
(8974,	2074,	'2023-06-29 04:00:39'),
(8975,	2060,	'2023-06-30 01:24:16'),
(8976,	2075,	'2023-06-02 06:23:45'),
(8977,	2118,	'2023-05-27 00:52:41'),
(8978,	2111,	'2023-02-25 16:53:10'),
(8979,	2099,	'2023-06-21 15:57:58'),
(8980,	2105,	'2023-06-23 06:10:46'),
(8981,	2113,	'2023-06-30 02:08:08'),
(8982,	2115,	'2023-06-29 13:59:48'),
(8983,	2104,	'2023-05-06 23:46:05'),
(8984,	2107,	'2023-03-14 03:09:57'),
(8985,	2083,	'2023-06-23 16:48:32'),
(8986,	2114,	'2023-05-18 07:50:39'),
(8987,	2120,	'2023-06-10 09:26:29'),
(8988,	2077,	'2023-05-16 18:04:27'),
(8989,	2109,	'2023-03-31 21:09:45'),
(8990,	2047,	'2023-05-30 02:34:51'),
(8991,	2086,	'2023-06-30 19:54:34'),
(8992,	2083,	'2023-06-17 19:35:05'),
(8993,	2115,	'2023-06-25 19:59:47'),
(8994,	2053,	'2023-04-25 18:46:14'),
(8995,	2115,	'2023-06-25 13:05:48'),
(8996,	2116,	'2023-04-06 19:43:09'),
(8997,	2081,	'2023-05-27 05:06:56'),
(8998,	2107,	'2023-06-14 22:32:18'),
(8999,	2110,	'2023-05-21 15:45:08'),
(9000,	2095,	'2023-06-30 21:10:42'),
(9001,	2068,	'2023-03-22 17:30:24'),
(9002,	2125,	'2023-04-29 11:35:50'),
(9003,	2065,	'2023-05-16 03:22:27'),
(9004,	2085,	'2023-06-08 11:20:47'),
(9005,	2058,	'2023-06-08 03:32:03'),
(9006,	2058,	'2023-06-15 08:06:48'),
(9007,	2073,	'2023-06-13 22:38:36'),
(9008,	2109,	'2023-06-15 19:19:41'),
(9009,	2089,	'2023-05-12 22:31:28'),
(9010,	2121,	'2023-05-03 18:11:29'),
(9011,	2106,	'2023-05-23 18:21:38'),
(9012,	2092,	'2023-06-16 04:01:58'),
(9013,	2058,	'2023-05-04 15:27:28'),
(9014,	2043,	'2023-05-30 17:37:25'),
(9015,	2112,	'2023-06-25 03:42:46'),
(9016,	2117,	'2023-04-09 08:59:46'),
(9017,	2118,	'2023-06-10 03:23:20'),
(9018,	2126,	'2023-06-26 09:23:04'),
(9019,	2096,	'2023-05-05 19:21:37'),
(9020,	2112,	'2023-06-01 09:32:49'),
(9021,	2117,	'2023-05-03 10:39:48'),
(9022,	2044,	'2023-06-22 05:17:37'),
(9023,	2061,	'2023-06-29 09:24:31'),
(9024,	2050,	'2023-06-29 05:27:45'),
(9025,	2113,	'2023-06-30 12:48:23'),
(9026,	2050,	'2023-06-28 02:06:24'),
(9027,	2106,	'2023-05-25 00:28:06'),
(9028,	2053,	'2023-03-14 03:26:42'),
(9029,	2078,	'2023-06-29 17:42:38'),
(9030,	2109,	'2023-06-19 20:56:54'),
(9031,	2096,	'2023-03-23 23:34:48'),
(9032,	2102,	'2023-06-20 23:41:53'),
(9033,	2099,	'2023-06-27 03:38:56'),
(9034,	2110,	'2023-06-04 20:48:28'),
(9035,	2065,	'2023-06-14 11:17:10'),
(9036,	2049,	'2023-03-12 16:42:24'),
(9037,	2042,	'2023-05-06 05:01:08'),
(9038,	2051,	'2023-04-30 14:21:37'),
(9039,	2046,	'2023-06-01 14:30:53'),
(9040,	2092,	'2023-06-22 08:56:33'),
(9041,	2106,	'2023-06-11 13:29:30'),
(9042,	2095,	'2023-06-30 18:21:41'),
(9043,	2077,	'2023-05-23 15:31:18'),
(9044,	2056,	'2023-04-14 05:16:11'),
(9045,	2069,	'2023-05-25 15:36:58'),
(9046,	2051,	'2023-03-16 00:05:12'),
(9047,	2044,	'2023-05-14 16:31:58'),
(9048,	2093,	'2023-03-20 15:28:37'),
(9049,	2108,	'2023-06-06 09:09:23'),
(9050,	2059,	'2023-06-06 07:28:50'),
(9051,	2043,	'2023-06-28 04:36:10'),
(9052,	2067,	'2023-06-29 14:11:46'),
(9053,	2046,	'2023-05-25 17:06:44'),
(9054,	2093,	'2023-05-24 00:25:15'),
(9055,	2099,	'2023-06-25 02:53:45'),
(9056,	2062,	'2023-06-10 19:13:55'),
(9057,	2095,	'2023-06-30 20:22:13'),
(9058,	2115,	'2023-06-21 17:39:01'),
(9059,	2124,	'2023-06-22 16:22:45'),
(9060,	2081,	'2023-06-21 21:22:28'),
(9061,	2057,	'2023-03-18 00:16:52'),
(9062,	2055,	'2023-06-22 12:25:58'),
(9063,	2121,	'2023-04-01 03:54:29'),
(9064,	2123,	'2023-05-30 03:52:21'),
(9065,	2049,	'2023-05-17 08:16:08'),
(9066,	2121,	'2023-03-13 08:49:51'),
(9067,	2124,	'2023-06-29 02:49:14'),
(9068,	2101,	'2023-06-27 20:06:27'),
(9069,	2125,	'2023-05-19 04:30:20'),
(9070,	2126,	'2023-06-28 10:06:08'),
(9071,	2094,	'2023-06-06 04:38:37'),
(9072,	2055,	'2023-05-02 19:16:37'),
(9073,	2101,	'2023-06-27 01:59:29'),
(9074,	2110,	'2023-06-01 14:54:03'),
(9075,	2045,	'2023-01-27 07:21:01'),
(9076,	2042,	'2023-06-07 21:15:59'),
(9077,	2095,	'2023-06-30 18:55:05'),
(9078,	2083,	'2023-06-25 00:09:42'),
(9079,	2106,	'2023-05-29 17:57:27'),
(9080,	2071,	'2023-06-30 02:34:51'),
(9081,	2068,	'2023-04-28 12:48:20'),
(9082,	2083,	'2023-05-28 17:04:19'),
(9083,	2107,	'2023-05-27 12:04:38'),
(9084,	2115,	'2023-06-26 19:49:22'),
(9085,	2102,	'2023-06-29 13:10:06'),
(9086,	2112,	'2023-06-13 01:52:32'),
(9087,	2093,	'2023-06-13 16:33:47'),
(9088,	2076,	'2023-04-23 16:16:48'),
(9089,	2106,	'2023-06-05 07:24:04'),
(9090,	2048,	'2023-04-19 09:16:04'),
(9091,	2070,	'2023-06-18 19:46:11'),
(9092,	2115,	'2023-06-19 18:32:03'),
(9093,	2066,	'2023-03-18 05:45:15'),
(9094,	2056,	'2023-04-13 03:54:10'),
(9095,	2051,	'2023-05-19 16:51:56'),
(9096,	2121,	'2023-04-07 18:24:27'),
(9097,	2050,	'2023-06-27 07:23:13'),
(9098,	2078,	'2023-06-21 20:19:55'),
(9099,	2083,	'2023-06-22 00:49:05'),
(9100,	2100,	'2023-05-29 17:03:11'),
(9101,	2091,	'2023-06-15 08:25:26'),
(9102,	2099,	'2023-06-25 08:13:06'),
(9103,	2072,	'2023-06-17 03:18:45'),
(9104,	2091,	'2023-06-17 04:03:33'),
(9105,	2073,	'2023-06-23 17:25:07'),
(9106,	2106,	'2023-06-01 11:14:48'),
(9107,	2065,	'2023-06-16 03:54:58'),
(9108,	2069,	'2023-05-16 22:15:56'),
(9109,	2114,	'2023-05-07 10:42:21'),
(9110,	2111,	'2023-06-25 01:44:31'),
(9111,	2076,	'2023-06-26 08:43:18'),
(9112,	2121,	'2023-05-18 18:29:54'),
(9113,	2059,	'2023-06-13 14:21:18'),
(9114,	2099,	'2023-06-30 05:04:54'),
(9115,	2071,	'2023-06-26 20:59:38'),
(9116,	2112,	'2023-05-25 13:55:32'),
(9117,	2075,	'2023-04-14 15:54:30'),
(9118,	2121,	'2023-05-20 21:14:18'),
(9119,	2057,	'2023-04-28 11:24:33'),
(9120,	2076,	'2023-06-22 04:21:22'),
(9121,	2057,	'2023-06-11 05:08:16'),
(9122,	2114,	'2023-04-14 08:54:03'),
(9123,	2048,	'2023-06-09 04:44:32'),
(9124,	2125,	'2023-06-17 18:36:32'),
(9125,	2050,	'2023-06-24 20:13:41'),
(9126,	2042,	'2023-05-14 14:04:24'),
(9127,	2077,	'2023-06-29 21:31:40'),
(9128,	2053,	'2023-04-23 20:14:45'),
(9129,	2093,	'2023-03-31 14:42:19'),
(9130,	2048,	'2023-05-30 14:43:00'),
(9131,	2054,	'2023-06-22 20:06:49'),
(9132,	2107,	'2023-04-24 18:13:08'),
(9133,	2096,	'2023-04-12 01:33:54'),
(9134,	2057,	'2023-04-02 22:10:03'),
(9135,	2073,	'2023-06-12 23:59:55'),
(9136,	2119,	'2023-06-02 07:22:40'),
(9137,	2092,	'2023-06-29 16:40:32'),
(9138,	2071,	'2023-06-22 21:39:40'),
(9139,	2109,	'2023-03-26 00:41:15'),
(9140,	2092,	'2023-06-28 06:23:01'),
(9141,	2074,	'2023-06-15 20:36:00'),
(9142,	2067,	'2023-06-30 11:57:10'),
(9143,	2066,	'2023-05-09 07:58:56'),
(9144,	2083,	'2023-05-25 16:19:18'),
(9145,	2118,	'2023-06-03 12:18:30'),
(9146,	2109,	'2023-04-11 01:55:46'),
(9147,	2122,	'2023-06-11 17:18:59'),
(9148,	2043,	'2023-06-17 08:23:13'),
(9149,	2077,	'2023-06-27 13:18:50'),
(9150,	2095,	'2023-06-30 19:48:29'),
(9151,	2062,	'2023-05-29 08:20:15'),
(9152,	2107,	'2023-05-23 21:20:01'),
(9153,	2042,	'2023-05-12 23:25:43'),
(9154,	2054,	'2023-05-25 18:49:47'),
(9155,	2117,	'2023-06-08 05:21:07'),
(9156,	2065,	'2023-06-11 19:12:48'),
(9157,	2125,	'2023-05-03 12:14:33'),
(9158,	2058,	'2023-06-04 20:01:35'),
(9159,	2118,	'2023-06-15 05:01:16'),
(9160,	2085,	'2023-06-28 18:51:22'),
(9161,	2110,	'2023-05-19 14:33:57'),
(9162,	2126,	'2023-06-30 09:21:11'),
(9163,	2087,	'2023-06-25 13:25:42'),
(9164,	2085,	'2023-05-22 16:27:35'),
(9165,	2094,	'2023-04-11 14:57:53'),
(9166,	2058,	'2023-06-29 20:57:18'),
(9167,	2083,	'2023-05-29 23:48:23'),
(9168,	2086,	'2023-06-29 03:21:22'),
(9169,	2124,	'2023-06-14 16:41:18'),
(9170,	2066,	'2023-03-09 02:37:43'),
(9171,	2121,	'2023-05-13 19:38:21'),
(9172,	2048,	'2023-04-19 13:33:02'),
(9173,	2078,	'2023-06-15 06:13:11'),
(9174,	2123,	'2023-05-14 09:42:55'),
(9175,	2068,	'2023-05-16 23:10:15'),
(9176,	2070,	'2023-03-29 07:44:04'),
(9177,	2086,	'2023-06-26 09:36:06'),
(9178,	2059,	'2023-06-11 22:14:09'),
(9179,	2121,	'2023-05-09 13:56:08'),
(9180,	2088,	'2023-04-20 20:25:48'),
(9181,	2096,	'2023-05-05 22:44:59'),
(9182,	2078,	'2023-06-21 16:08:59'),
(9183,	2086,	'2023-06-30 15:31:12'),
(9184,	2075,	'2023-03-27 21:22:20'),
(9185,	2113,	'2023-06-29 12:26:12'),
(9186,	2080,	'2023-05-26 06:52:26'),
(9187,	2112,	'2023-06-17 12:13:51'),
(9188,	2061,	'2023-06-30 10:34:29'),
(9189,	2111,	'2023-02-08 08:30:05'),
(9190,	2111,	'2023-03-25 20:38:53'),
(9191,	2067,	'2023-06-30 12:23:17'),
(9192,	2079,	'2023-06-20 23:41:55'),
(9193,	2122,	'2023-06-05 04:17:34'),
(9194,	2092,	'2023-06-22 11:36:00'),
(9195,	2125,	'2023-06-07 16:34:33'),
(9196,	2116,	'2023-02-26 09:11:53'),
(9197,	2061,	'2023-06-09 13:52:49'),
(9198,	2059,	'2023-06-09 11:30:33'),
(9199,	2060,	'2023-06-30 06:44:41'),
(9200,	2108,	'2023-06-24 00:44:03'),
(9201,	2108,	'2023-06-17 12:19:49'),
(9202,	2102,	'2023-06-28 00:43:07'),
(9203,	2125,	'2023-06-10 06:31:08'),
(9204,	2064,	'2023-06-12 09:04:04'),
(9205,	2126,	'2023-06-28 08:35:48'),
(9206,	2073,	'2023-06-28 16:11:38'),
(9207,	2090,	'2023-06-13 08:54:54'),
(9208,	2079,	'2023-06-25 08:41:58'),
(9209,	2075,	'2023-04-10 21:58:09'),
(9210,	2104,	'2023-03-13 16:18:54'),
(9211,	2061,	'2023-06-12 00:54:23'),
(9212,	2122,	'2023-06-26 03:41:07'),
(9213,	2046,	'2023-06-05 08:47:20'),
(9214,	2066,	'2023-03-20 03:45:59'),
(9215,	2105,	'2023-06-23 06:50:38'),
(9216,	2062,	'2023-06-25 23:35:10'),
(9217,	2047,	'2023-06-19 21:02:39'),
(9218,	2067,	'2023-06-29 21:06:50'),
(9219,	2122,	'2023-06-26 18:44:16'),
(9220,	2085,	'2023-06-23 00:19:03'),
(9221,	2093,	'2023-05-01 21:18:59'),
(9222,	2109,	'2023-04-01 02:29:10'),
(9223,	2086,	'2023-06-27 23:55:58'),
(9224,	2060,	'2023-06-30 01:26:00'),
(9225,	2071,	'2023-06-22 22:24:42'),
(9226,	2115,	'2023-06-21 13:37:04'),
(9227,	2102,	'2023-06-28 13:17:28'),
(9228,	2049,	'2023-05-30 09:29:15'),
(9229,	2123,	'2023-06-18 23:54:49'),
(9230,	2068,	'2023-04-27 11:03:25'),
(9231,	2067,	'2023-06-30 06:41:49'),
(9232,	2060,	'2023-06-28 15:28:19'),
(9233,	2058,	'2023-06-07 07:26:18'),
(9234,	2105,	'2023-06-29 16:40:23'),
(9235,	2063,	'2023-06-24 23:17:57'),
(9236,	2045,	'2023-01-11 03:35:06'),
(9237,	2092,	'2023-06-26 11:34:05'),
(9238,	2056,	'2023-06-27 10:31:13'),
(9239,	2093,	'2023-06-13 08:44:49'),
(9240,	2047,	'2023-06-14 06:50:02'),
(9241,	2086,	'2023-06-26 04:17:10'),
(9242,	2086,	'2023-06-26 18:08:07'),
(9243,	2065,	'2023-06-19 05:58:49'),
(9244,	2092,	'2023-05-29 14:18:25'),
(9245,	2045,	'2023-03-09 09:47:09'),
(9246,	2052,	'2023-05-15 22:02:17'),
(9247,	2080,	'2023-05-24 17:08:55'),
(9248,	2105,	'2023-06-28 23:55:51'),
(9249,	2055,	'2023-05-22 20:52:36'),
(9250,	2081,	'2023-05-12 10:40:56'),
(9251,	2083,	'2023-06-01 01:09:19'),
(9252,	2079,	'2023-06-10 00:51:57'),
(9253,	2070,	'2023-03-31 17:56:46'),
(9254,	2120,	'2023-04-21 07:39:57'),
(9255,	2109,	'2023-06-18 20:37:55'),
(9256,	2049,	'2023-02-25 00:12:34'),
(9257,	2054,	'2023-05-31 22:58:07'),
(9258,	2052,	'2023-05-14 14:46:30'),
(9259,	2080,	'2023-05-28 06:55:15'),
(9260,	2053,	'2023-05-28 23:03:43'),
(9261,	2087,	'2023-06-29 06:46:27'),
(9262,	2120,	'2023-04-13 23:24:39'),
(9263,	2089,	'2023-05-27 17:02:54'),
(9264,	2070,	'2023-04-16 13:40:41'),
(9265,	2103,	'2023-04-25 17:12:30'),
(9266,	2097,	'2023-06-30 20:30:08'),
(9267,	2057,	'2023-04-08 05:48:29'),
(9268,	2074,	'2023-06-25 17:54:10'),
(9269,	2077,	'2023-05-19 21:58:25'),
(9270,	2116,	'2023-06-21 04:37:04'),
(9271,	2046,	'2023-05-16 05:18:14'),
(9272,	2125,	'2023-05-31 15:37:22'),
(9273,	2053,	'2023-06-03 18:36:46'),
(9274,	2090,	'2023-06-19 21:27:46'),
(9275,	2094,	'2023-04-04 18:34:23'),
(9276,	2073,	'2023-06-21 12:50:47'),
(9277,	2093,	'2023-05-16 05:15:42'),
(9278,	2059,	'2023-06-20 07:39:20'),
(9279,	2075,	'2023-04-10 06:23:40'),
(9280,	2067,	'2023-06-29 04:01:16'),
(9281,	2087,	'2023-06-22 21:38:16'),
(9282,	2082,	'2023-03-29 20:43:38'),
(9283,	2098,	'2023-04-09 05:02:51'),
(9284,	2109,	'2023-04-06 14:25:18'),
(9285,	2043,	'2023-05-17 09:34:04'),
(9286,	2089,	'2023-06-09 04:55:08'),
(9287,	2066,	'2023-05-22 08:18:36'),
(9288,	2059,	'2023-06-06 04:16:28'),
(9289,	2071,	'2023-06-24 08:50:55'),
(9290,	2100,	'2023-05-08 09:39:32'),
(9291,	2070,	'2023-03-24 13:55:24'),
(9292,	2083,	'2023-06-18 13:30:48'),
(9293,	2088,	'2023-04-29 19:17:51'),
(9294,	2071,	'2023-06-23 09:42:57'),
(9295,	2096,	'2023-04-25 10:39:26'),
(9296,	2117,	'2023-05-06 16:23:26'),
(9297,	2125,	'2023-05-08 00:56:44'),
(9298,	2118,	'2023-06-26 20:53:57'),
(9299,	2083,	'2023-06-09 15:54:16'),
(9300,	2077,	'2023-05-22 01:21:12'),
(9301,	2068,	'2023-06-13 04:18:09'),
(9302,	2045,	'2023-02-05 17:17:15'),
(9303,	2088,	'2023-05-21 05:41:38'),
(9304,	2084,	'2023-06-26 15:47:48'),
(9305,	2108,	'2023-06-05 10:43:13'),
(9306,	2108,	'2023-06-07 23:14:38'),
(9307,	2089,	'2023-04-22 02:59:28'),
(9308,	2108,	'2023-06-08 23:10:52'),
(9309,	2079,	'2023-06-19 20:22:28'),
(9310,	2091,	'2023-06-29 09:22:15'),
(9311,	2072,	'2023-04-22 10:10:17'),
(9312,	2100,	'2023-05-24 10:33:45'),
(9313,	2110,	'2023-06-29 10:19:38'),
(9314,	2098,	'2023-05-14 07:08:33'),
(9315,	2120,	'2023-06-20 04:35:29'),
(9316,	2091,	'2023-06-22 09:10:11'),
(9317,	2060,	'2023-06-29 10:02:27'),
(9318,	2049,	'2023-05-02 15:16:12'),
(9319,	2113,	'2023-06-30 13:20:47'),
(9320,	2116,	'2023-02-16 01:40:28'),
(9321,	2043,	'2023-06-21 18:00:40'),
(9322,	2057,	'2023-03-28 14:18:36'),
(9323,	2110,	'2023-06-02 08:42:50'),
(9324,	2101,	'2023-06-26 22:42:49'),
(9325,	2089,	'2023-06-30 19:09:34'),
(9326,	2075,	'2023-04-04 19:51:52'),
(9327,	2054,	'2023-06-13 22:55:20'),
(9328,	2124,	'2023-06-02 17:14:12'),
(9329,	2072,	'2023-04-19 23:18:38'),
(9330,	2079,	'2023-06-12 18:30:05'),
(9331,	2064,	'2023-04-22 07:21:09'),
(9332,	2073,	'2023-06-17 20:40:07'),
(9333,	2097,	'2023-06-30 23:06:24'),
(9334,	2062,	'2023-05-23 13:45:41'),
(9335,	2109,	'2023-06-13 06:19:00'),
(9336,	2084,	'2023-05-19 20:56:22'),
(9337,	2113,	'2023-06-29 15:53:03'),
(9338,	2064,	'2023-05-10 08:28:47'),
(9339,	2092,	'2023-06-30 18:37:27'),
(9340,	2087,	'2023-06-26 08:27:03'),
(9341,	2083,	'2023-06-28 20:34:47'),
(9342,	2058,	'2023-05-28 12:38:06'),
(9343,	2099,	'2023-06-30 02:04:42'),
(9344,	2101,	'2023-06-30 07:19:16'),
(9345,	2046,	'2023-05-16 19:27:28'),
(9346,	2053,	'2023-06-20 04:42:55'),
(9347,	2098,	'2023-04-03 11:27:28'),
(9348,	2059,	'2023-06-21 07:29:41'),
(9349,	2109,	'2023-06-01 08:27:50'),
(9350,	2088,	'2023-02-08 07:56:01'),
(9351,	2121,	'2023-03-13 20:14:13'),
(9352,	2066,	'2023-05-13 01:33:01'),
(9353,	2062,	'2023-06-23 16:09:54'),
(9354,	2089,	'2023-06-15 20:13:30'),
(9355,	2099,	'2023-06-27 09:06:28'),
(9356,	2079,	'2023-06-29 23:47:48'),
(9357,	2056,	'2023-06-13 10:07:24'),
(9358,	2097,	'2023-06-30 20:27:50'),
(9359,	2047,	'2023-05-27 04:12:00'),
(9360,	2098,	'2023-04-12 16:18:28'),
(9361,	2071,	'2023-06-28 09:57:59'),
(9362,	2083,	'2023-06-22 21:48:15'),
(9363,	2072,	'2023-06-23 05:03:40'),
(9364,	2107,	'2023-03-29 16:01:54'),
(9365,	2118,	'2023-06-02 15:25:42'),
(9366,	2118,	'2023-06-20 01:45:29'),
(9367,	2113,	'2023-06-29 05:47:52'),
(9368,	2082,	'2023-01-23 17:04:05'),
(9369,	2053,	'2023-06-28 00:12:29'),
(9370,	2114,	'2023-04-15 10:30:03'),
(9371,	2043,	'2023-05-13 21:12:02'),
(9372,	2078,	'2023-06-24 02:14:51'),
(9373,	2118,	'2023-06-27 17:33:37'),
(9374,	2071,	'2023-06-23 06:11:52'),
(9375,	2044,	'2023-04-25 10:08:21'),
(9376,	2043,	'2023-06-24 12:46:30'),
(9377,	2124,	'2023-06-27 11:12:12'),
(9378,	2121,	'2023-05-20 05:56:11'),
(9379,	2078,	'2023-06-22 22:18:04'),
(9380,	2062,	'2023-06-29 23:01:57'),
(9381,	2105,	'2023-06-27 20:40:41'),
(9382,	2086,	'2023-06-25 19:55:16'),
(9383,	2055,	'2023-06-18 02:13:46'),
(9384,	2045,	'2023-06-21 03:40:07'),
(9385,	2121,	'2023-03-11 22:38:15'),
(9386,	2090,	'2023-06-19 07:45:54'),
(9387,	2116,	'2023-05-25 09:57:50'),
(9388,	2064,	'2023-04-01 23:51:40'),
(9389,	2095,	'2023-06-30 20:51:20'),
(9390,	2074,	'2023-06-25 11:33:13'),
(9391,	2042,	'2023-05-12 21:59:56'),
(9392,	2105,	'2023-06-27 11:00:40'),
(9393,	2066,	'2023-03-31 05:04:12'),
(9394,	2070,	'2023-04-27 06:30:04'),
(9395,	2043,	'2023-05-29 15:09:17'),
(9396,	2115,	'2023-06-23 20:59:22'),
(9397,	2087,	'2023-06-28 11:25:49'),
(9398,	2099,	'2023-06-26 20:55:41'),
(9399,	2049,	'2023-06-19 04:43:18'),
(9400,	2045,	'2023-02-15 05:06:29'),
(9401,	2124,	'2023-05-30 09:01:33'),
(9402,	2096,	'2023-03-05 19:42:04'),
(9403,	2113,	'2023-06-29 17:06:10'),
(9404,	2073,	'2023-05-21 09:37:14'),
(9405,	2055,	'2023-04-16 13:22:19'),
(9406,	2099,	'2023-06-26 12:59:17'),
(9407,	2065,	'2023-04-28 09:04:49'),
(9408,	2080,	'2023-06-04 18:50:53'),
(9409,	2048,	'2023-05-13 00:56:49'),
(9410,	2107,	'2023-06-20 09:10:09'),
(9411,	2076,	'2023-05-09 14:26:24'),
(9412,	2126,	'2023-06-27 22:49:12'),
(9413,	2085,	'2023-05-24 21:20:20'),
(9414,	2100,	'2023-06-11 23:11:50'),
(9415,	2073,	'2023-06-24 04:28:42'),
(9416,	2090,	'2023-06-22 10:08:41'),
(9417,	2107,	'2023-04-15 16:59:33'),
(9418,	2125,	'2023-02-10 18:31:02'),
(9419,	2103,	'2023-05-03 23:01:42'),
(9420,	2105,	'2023-06-30 04:04:52'),
(9421,	2123,	'2023-06-17 01:03:29'),
(9422,	2059,	'2023-06-14 05:49:24'),
(9423,	2115,	'2023-06-29 08:24:42'),
(9424,	2052,	'2023-05-16 15:22:27'),
(9425,	2068,	'2023-06-07 13:39:26'),
(9426,	2124,	'2023-06-30 16:45:09'),
(9427,	2084,	'2023-02-20 07:05:00'),
(9428,	2071,	'2023-06-27 07:15:25'),
(9429,	2059,	'2023-06-07 11:08:46'),
(9430,	2115,	'2023-06-22 15:57:24'),
(9431,	2075,	'2023-03-24 17:02:12'),
(9432,	2091,	'2023-06-17 07:55:49'),
(9433,	2081,	'2023-05-07 20:00:09'),
(9434,	2060,	'2023-06-30 02:53:20'),
(9435,	2052,	'2023-03-02 00:51:37'),
(9436,	2120,	'2023-06-30 17:48:19'),
(9437,	2063,	'2023-03-14 16:05:08'),
(9438,	2115,	'2023-06-22 09:16:28'),
(9439,	2049,	'2023-04-27 13:16:50'),
(9440,	2115,	'2023-06-29 18:00:15'),
(9441,	2093,	'2023-05-05 00:01:45'),
(9442,	2122,	'2023-06-17 09:12:38'),
(9443,	2123,	'2023-05-28 12:42:43'),
(9444,	2045,	'2023-01-21 08:17:39'),
(9445,	2081,	'2023-06-19 03:44:42'),
(9446,	2055,	'2023-03-30 04:45:25'),
(9447,	2044,	'2023-03-19 05:32:10'),
(9448,	2100,	'2023-06-03 18:27:28'),
(9449,	2044,	'2023-05-17 17:36:59'),
(9450,	2113,	'2023-06-30 16:17:22'),
(9451,	2076,	'2023-05-16 22:18:10'),
(9452,	2094,	'2023-05-11 03:33:55'),
(9453,	2074,	'2023-06-16 16:19:46'),
(9454,	2050,	'2023-06-23 00:07:09'),
(9455,	2067,	'2023-06-29 15:40:46'),
(9456,	2062,	'2023-06-17 12:09:40'),
(9457,	2125,	'2023-02-07 08:09:28'),
(9458,	2121,	'2023-02-17 23:32:13'),
(9459,	2071,	'2023-06-25 15:38:01'),
(9460,	2120,	'2023-04-08 23:19:25'),
(9461,	2063,	'2023-06-20 13:51:54'),
(9462,	2066,	'2023-06-17 20:25:17'),
(9463,	2092,	'2023-06-19 14:19:26'),
(9464,	2123,	'2023-05-28 18:59:00'),
(9465,	2083,	'2023-06-08 15:55:29'),
(9466,	2104,	'2023-06-01 18:34:14'),
(9467,	2088,	'2023-02-02 11:44:26'),
(9468,	2094,	'2023-06-26 16:58:47'),
(9469,	2055,	'2023-05-07 07:48:59'),
(9470,	2056,	'2023-06-29 19:32:51'),
(9471,	2112,	'2023-06-19 07:45:41'),
(9472,	2081,	'2023-05-10 16:33:01'),
(9473,	2074,	'2023-06-14 19:45:19'),
(9474,	2069,	'2023-06-09 04:00:33'),
(9475,	2122,	'2023-06-14 11:22:26'),
(9476,	2044,	'2023-02-22 14:22:21'),
(9477,	2060,	'2023-06-28 08:53:41'),
(9478,	2063,	'2023-04-22 01:25:03'),
(9479,	2111,	'2023-02-05 14:44:43'),
(9480,	2060,	'2023-06-28 05:52:02'),
(9481,	2102,	'2023-06-26 20:51:08'),
(9482,	2051,	'2023-06-01 01:04:58'),
(9483,	2112,	'2023-06-04 06:14:10'),
(9484,	2091,	'2023-06-27 18:46:16'),
(9485,	2096,	'2023-03-11 01:36:06'),
(9486,	2069,	'2023-05-07 16:47:18'),
(9487,	2095,	'2023-06-30 22:57:48'),
(9488,	2082,	'2023-01-27 03:39:34'),
(9489,	2076,	'2023-05-23 07:11:02'),
(9490,	2047,	'2023-05-23 01:07:16'),
(9491,	2081,	'2023-06-14 22:13:03'),
(9492,	2119,	'2023-04-03 01:02:19'),
(9493,	2068,	'2023-03-08 04:45:51'),
(9494,	2089,	'2023-06-19 15:10:19'),
(9495,	2123,	'2023-05-19 11:13:27'),
(9496,	2055,	'2023-06-09 16:50:46'),
(9497,	2068,	'2023-04-03 10:59:43'),
(9498,	2063,	'2023-05-04 03:10:17'),
(9499,	2122,	'2023-05-29 12:24:51'),
(9500,	2123,	'2023-06-13 11:48:29'),
(9501,	2064,	'2023-05-19 21:49:19'),
(9502,	2071,	'2023-06-26 00:37:02'),
(9503,	2088,	'2023-03-07 11:11:59'),
(9504,	2088,	'2023-05-06 14:36:31'),
(9505,	2081,	'2023-06-01 02:02:10'),
(9506,	2064,	'2023-05-19 13:50:51'),
(9507,	2077,	'2023-05-21 18:46:12'),
(9508,	2122,	'2023-06-18 09:27:21'),
(9509,	2056,	'2023-04-12 13:39:10'),
(9510,	2075,	'2023-03-19 04:54:15'),
(9511,	2117,	'2023-04-15 05:52:33'),
(9512,	2084,	'2023-05-04 16:59:30'),
(9513,	2100,	'2023-04-26 01:51:01'),
(9514,	2057,	'2023-03-29 04:34:48'),
(9515,	2087,	'2023-06-21 15:11:53'),
(9516,	2049,	'2023-04-22 12:39:56'),
(9517,	2092,	'2023-06-08 18:30:23'),
(9518,	2118,	'2023-06-17 06:25:06'),
(9519,	2094,	'2023-05-06 22:39:21'),
(9520,	2079,	'2023-06-15 22:27:37'),
(9521,	2114,	'2023-05-10 03:47:40'),
(9522,	2077,	'2023-06-17 14:28:31'),
(9523,	2048,	'2023-04-21 16:02:35'),
(9524,	2090,	'2023-06-13 13:10:16'),
(9525,	2123,	'2023-06-01 21:11:53'),
(9526,	2078,	'2023-06-19 14:30:02'),
(9527,	2046,	'2023-06-13 23:25:00'),
(9528,	2059,	'2023-06-23 07:26:12'),
(9529,	2062,	'2023-05-31 04:23:18'),
(9530,	2116,	'2023-06-12 01:26:23'),
(9531,	2103,	'2023-04-30 19:44:02'),
(9532,	2092,	'2023-06-02 05:23:16'),
(9533,	2074,	'2023-06-25 21:50:01'),
(9534,	2048,	'2023-06-15 08:43:51'),
(9535,	2120,	'2023-05-07 09:44:35'),
(9536,	2087,	'2023-06-27 13:32:58'),
(9537,	2095,	'2023-06-30 21:35:36'),
(9538,	2060,	'2023-06-29 07:59:13'),
(9539,	2049,	'2023-02-28 08:32:51'),
(9540,	2086,	'2023-06-28 22:32:01'),
(9541,	2055,	'2023-03-10 17:22:49'),
(9542,	2099,	'2023-06-25 03:27:33'),
(9543,	2075,	'2023-04-16 11:54:22'),
(9544,	2048,	'2023-04-20 01:57:27'),
(9545,	2105,	'2023-06-21 05:37:12'),
(9546,	2126,	'2023-06-28 07:36:42'),
(9547,	2060,	'2023-06-30 21:56:05'),
(9548,	2071,	'2023-06-28 03:01:52'),
(9549,	2044,	'2023-06-13 02:03:52'),
(9550,	2118,	'2023-06-24 01:58:02'),
(9551,	2068,	'2023-05-18 17:23:23'),
(9552,	2126,	'2023-06-29 10:50:22'),
(9553,	2118,	'2023-06-29 14:17:34'),
(9554,	2047,	'2023-05-15 12:50:15'),
(9555,	2099,	'2023-06-21 23:35:22'),
(9556,	2084,	'2023-02-27 22:10:30'),
(9557,	2113,	'2023-06-30 04:49:56'),
(9558,	2089,	'2023-05-29 05:31:47'),
(9559,	2074,	'2023-06-26 07:25:23'),
(9560,	2097,	'2023-06-30 23:01:51'),
(9561,	2047,	'2023-05-15 09:05:59'),
(9562,	2099,	'2023-06-27 14:53:12'),
(9563,	2058,	'2023-06-29 07:11:13'),
(9564,	2048,	'2023-05-12 03:00:29'),
(9565,	2122,	'2023-05-29 13:17:22'),
(9566,	2063,	'2023-04-02 08:38:18'),
(9567,	2115,	'2023-06-28 01:51:53'),
(9568,	2120,	'2023-04-23 22:00:16'),
(9569,	2057,	'2023-06-20 18:20:37'),
(9570,	2094,	'2023-04-06 09:45:24'),
(9571,	2116,	'2023-02-01 10:07:38'),
(9572,	2057,	'2023-06-05 21:52:17'),
(9573,	2067,	'2023-06-29 00:02:27'),
(9574,	2090,	'2023-06-03 10:00:10'),
(9575,	2093,	'2023-04-12 07:28:14'),
(9576,	2084,	'2023-04-21 10:32:50'),
(9577,	2061,	'2023-06-20 23:27:05'),
(9578,	2054,	'2023-06-20 12:02:57'),
(9579,	2111,	'2023-03-27 04:11:06'),
(9580,	2111,	'2023-04-28 05:18:07'),
(9581,	2074,	'2023-06-18 10:52:38'),
(9582,	2045,	'2023-06-30 03:17:31'),
(9583,	2044,	'2023-06-26 03:53:03'),
(9584,	2125,	'2023-06-15 07:14:41'),
(9585,	2043,	'2023-05-12 04:11:33'),
(9586,	2086,	'2023-06-25 14:00:22'),
(9587,	2094,	'2023-06-04 20:55:48'),
(9588,	2071,	'2023-06-29 02:02:40'),
(9589,	2098,	'2023-06-22 05:39:37'),
(9590,	2075,	'2023-05-09 16:10:02'),
(9591,	2067,	'2023-06-29 09:53:40'),
(9592,	2086,	'2023-06-28 21:03:06'),
(9593,	2109,	'2023-04-22 00:17:00'),
(9594,	2120,	'2023-04-14 19:09:49'),
(9595,	2087,	'2023-06-30 08:07:05'),
(9596,	2090,	'2023-06-19 14:37:59'),
(9597,	2115,	'2023-06-19 19:51:02'),
(9598,	2085,	'2023-04-21 18:17:04'),
(9599,	2082,	'2023-05-06 21:31:06'),
(9600,	2059,	'2023-06-27 00:50:08'),
(9601,	2090,	'2023-06-05 12:02:53'),
(9602,	2078,	'2023-06-17 02:43:13'),
(9603,	2064,	'2023-05-05 23:16:51'),
(9604,	2100,	'2023-06-19 02:22:15'),
(9605,	2060,	'2023-06-28 20:30:35'),
(9606,	2101,	'2023-06-26 19:01:07'),
(9607,	2043,	'2023-06-01 06:21:22'),
(9608,	2086,	'2023-06-27 03:26:51'),
(9609,	2047,	'2023-06-15 00:44:31'),
(9610,	2082,	'2023-03-23 14:29:04'),
(9611,	2074,	'2023-06-14 11:08:31'),
(9612,	2107,	'2023-03-27 07:38:57'),
(9613,	2099,	'2023-06-25 07:23:58'),
(9614,	2061,	'2023-06-16 22:15:53'),
(9615,	2101,	'2023-06-28 11:52:54'),
(9616,	2110,	'2023-05-27 21:07:01'),
(9617,	2047,	'2023-05-13 06:57:45'),
(9618,	2071,	'2023-06-29 22:51:48'),
(9619,	2085,	'2023-04-11 13:45:39'),
(9620,	2126,	'2023-06-29 09:58:56'),
(9621,	2125,	'2023-04-14 06:04:02'),
(9622,	2090,	'2023-06-05 18:41:59'),
(9623,	2047,	'2023-05-30 19:53:02'),
(9624,	2108,	'2023-06-05 20:57:54'),
(9625,	2123,	'2023-05-26 10:26:21'),
(9626,	2055,	'2023-06-07 17:26:12'),
(9627,	2046,	'2023-05-22 04:46:56'),
(9628,	2061,	'2023-06-30 23:51:02'),
(9629,	2110,	'2023-06-07 01:37:38'),
(9630,	2100,	'2023-05-15 12:07:16'),
(9631,	2056,	'2023-06-08 12:48:54'),
(9632,	2055,	'2023-04-08 03:51:01'),
(9633,	2069,	'2023-03-21 23:08:16'),
(9634,	2068,	'2023-04-04 17:00:35'),
(9635,	2102,	'2023-06-25 23:52:16'),
(9636,	2089,	'2023-06-02 16:31:26'),
(9637,	2091,	'2023-06-27 12:25:52'),
(9638,	2053,	'2023-04-24 00:14:35'),
(9639,	2116,	'2023-06-02 08:28:05'),
(9640,	2067,	'2023-06-30 17:03:22'),
(9641,	2094,	'2023-05-26 20:43:31'),
(9642,	2126,	'2023-06-25 04:06:13'),
(9643,	2108,	'2023-06-21 00:49:35'),
(9644,	2091,	'2023-06-19 20:05:03'),
(9645,	2090,	'2023-06-10 07:31:27'),
(9646,	2066,	'2023-04-04 14:01:41'),
(9647,	2119,	'2023-05-13 12:39:16'),
(9648,	2101,	'2023-06-28 17:15:36'),
(9649,	2056,	'2023-06-08 03:49:23'),
(9650,	2110,	'2023-05-27 17:41:04'),
(9651,	2081,	'2023-06-06 01:27:55'),
(9652,	2125,	'2023-06-01 05:02:17'),
(9653,	2084,	'2023-06-20 15:40:23'),
(9654,	2047,	'2023-06-29 02:41:58'),
(9655,	2062,	'2023-06-10 19:08:12'),
(9656,	2050,	'2023-06-21 15:59:09'),
(9657,	2072,	'2023-05-15 16:32:36'),
(9658,	2113,	'2023-06-29 03:47:35'),
(9659,	2088,	'2023-04-23 13:44:43'),
(9660,	2082,	'2023-05-24 11:59:29'),
(9661,	2118,	'2023-06-19 00:08:57'),
(9662,	2078,	'2023-06-08 16:22:50'),
(9663,	2096,	'2023-03-30 14:02:00'),
(9664,	2100,	'2023-04-23 11:19:34'),
(9665,	2060,	'2023-06-29 12:09:39'),
(9666,	2088,	'2023-03-05 03:04:30'),
(9667,	2097,	'2023-06-30 23:06:15'),
(9668,	2088,	'2023-02-08 23:09:05'),
(9669,	2087,	'2023-06-26 18:07:48'),
(9670,	2103,	'2023-05-30 11:12:10'),
(9671,	2103,	'2023-06-15 03:55:45'),
(9672,	2061,	'2023-06-22 07:40:28'),
(9673,	2123,	'2023-06-14 11:56:58'),
(9674,	2125,	'2023-06-15 16:14:26'),
(9675,	2122,	'2023-06-23 00:05:52'),
(9676,	2064,	'2023-06-20 04:25:59'),
(9677,	2047,	'2023-06-09 16:57:58'),
(9678,	2114,	'2023-04-08 01:47:35'),
(9679,	2086,	'2023-06-26 10:51:30'),
(9680,	2062,	'2023-05-20 00:10:22'),
(9681,	2072,	'2023-05-13 01:17:47'),
(9682,	2119,	'2023-05-12 13:15:58'),
(9683,	2123,	'2023-06-14 11:36:19'),
(9684,	2088,	'2023-02-12 22:14:45'),
(9685,	2088,	'2023-04-05 06:39:35'),
(9686,	2071,	'2023-06-29 20:51:13'),
(9687,	2061,	'2023-06-28 02:44:31'),
(9688,	2098,	'2023-06-07 16:45:19'),
(9689,	2060,	'2023-06-30 09:22:05'),
(9690,	2074,	'2023-06-25 03:49:37'),
(9691,	2086,	'2023-06-30 09:39:47'),
(9692,	2110,	'2023-06-27 06:24:49'),
(9693,	2052,	'2023-04-24 22:43:45'),
(9694,	2050,	'2023-06-26 20:45:40'),
(9695,	2045,	'2023-01-29 13:26:42'),
(9696,	2071,	'2023-06-23 13:33:19'),
(9697,	2054,	'2023-06-24 09:52:41'),
(9698,	2042,	'2023-05-26 17:03:27'),
(9699,	2106,	'2023-06-18 19:29:15'),
(9700,	2086,	'2023-06-25 21:26:37'),
(9701,	2112,	'2023-06-25 19:12:36'),
(9702,	2085,	'2023-04-10 20:25:56'),
(9703,	2072,	'2023-04-12 11:35:15'),
(9704,	2112,	'2023-06-30 20:22:31'),
(9705,	2098,	'2023-03-25 11:26:39'),
(9706,	2105,	'2023-06-28 00:10:37'),
(9707,	2115,	'2023-06-23 20:28:55'),
(9708,	2093,	'2023-05-05 03:15:35'),
(9709,	2113,	'2023-06-30 01:00:46'),
(9710,	2057,	'2023-04-23 15:09:29'),
(9711,	2063,	'2023-05-24 15:12:12'),
(9712,	2056,	'2023-04-22 14:55:10'),
(9713,	2105,	'2023-06-30 01:18:44'),
(9714,	2125,	'2023-02-25 08:11:58'),
(9715,	2124,	'2023-06-17 03:17:06'),
(9716,	2059,	'2023-06-07 20:16:10'),
(9717,	2086,	'2023-06-28 17:49:22'),
(9718,	2091,	'2023-06-20 00:48:48'),
(9719,	2050,	'2023-06-25 21:32:05'),
(9720,	2111,	'2023-06-29 08:33:37'),
(9721,	2054,	'2023-05-31 18:14:48'),
(9722,	2119,	'2023-06-28 20:32:56'),
(9723,	2092,	'2023-05-30 03:42:03'),
(9724,	2090,	'2023-06-10 16:57:49'),
(9725,	2067,	'2023-06-29 01:06:30'),
(9726,	2078,	'2023-06-17 12:53:49'),
(9727,	2114,	'2023-04-18 19:59:05'),
(9728,	2045,	'2023-01-28 09:17:22'),
(9729,	2108,	'2023-06-01 23:05:17'),
(9730,	2076,	'2023-05-30 09:02:17'),
(9731,	2071,	'2023-06-29 02:06:44'),
(9732,	2097,	'2023-06-30 20:11:38'),
(9733,	2047,	'2023-05-31 17:45:26'),
(9734,	2066,	'2023-04-26 19:50:20'),
(9735,	2045,	'2023-06-30 02:58:43'),
(9736,	2084,	'2023-04-18 18:11:37'),
(9737,	2061,	'2023-06-17 10:19:59'),
(9738,	2056,	'2023-04-25 11:57:02'),
(9739,	2049,	'2023-04-13 02:30:24'),
(9740,	2054,	'2023-05-23 18:56:13'),
(9741,	2124,	'2023-06-06 00:55:09'),
(9742,	2086,	'2023-06-29 18:15:18'),
(9743,	2106,	'2023-06-09 04:26:25'),
(9744,	2066,	'2023-05-08 04:37:25'),
(9745,	2055,	'2023-04-08 23:53:00'),
(9746,	2042,	'2023-06-03 20:27:25'),
(9747,	2091,	'2023-06-18 15:47:05'),
(9748,	2102,	'2023-06-21 19:42:17'),
(9749,	2050,	'2023-06-21 17:05:05'),
(9750,	2089,	'2023-06-09 22:26:21'),
(9751,	2110,	'2023-06-15 11:24:34'),
(9752,	2069,	'2023-03-25 01:51:45'),
(9753,	2047,	'2023-05-22 15:20:18'),
(9754,	2110,	'2023-06-10 11:46:06'),
(9755,	2073,	'2023-05-21 08:50:25'),
(9756,	2081,	'2023-06-25 12:52:43'),
(9757,	2120,	'2023-06-24 12:01:34'),
(9758,	2061,	'2023-06-28 22:31:41'),
(9759,	2068,	'2023-04-05 17:51:38'),
(9760,	2111,	'2023-05-07 17:39:08'),
(9761,	2081,	'2023-06-28 04:49:16'),
(9762,	2096,	'2023-04-17 05:47:19'),
(9763,	2063,	'2023-05-12 06:10:36'),
(9764,	2100,	'2023-04-29 17:12:09'),
(9765,	2110,	'2023-06-24 00:40:31'),
(9766,	2050,	'2023-06-25 18:56:19'),
(9767,	2069,	'2023-04-24 05:02:13'),
(9768,	2068,	'2023-04-17 07:17:26'),
(9769,	2061,	'2023-06-15 02:44:13'),
(9770,	2046,	'2023-06-25 07:18:24'),
(9771,	2106,	'2023-06-24 21:35:31'),
(9772,	2113,	'2023-06-30 09:15:20'),
(9773,	2044,	'2023-04-18 17:48:50'),
(9774,	2100,	'2023-06-26 00:43:52'),
(9775,	2057,	'2023-03-30 17:18:29'),
(9776,	2093,	'2023-06-09 10:55:25'),
(9777,	2110,	'2023-06-21 15:42:57'),
(9778,	2123,	'2023-05-19 00:55:20'),
(9779,	2089,	'2023-06-09 10:51:17'),
(9780,	2047,	'2023-06-23 09:54:02'),
(9781,	2075,	'2023-04-02 20:32:50'),
(9782,	2097,	'2023-06-30 18:54:38'),
(9783,	2077,	'2023-06-01 00:29:21'),
(9784,	2077,	'2023-05-29 06:49:00'),
(9785,	2075,	'2023-05-15 19:21:22'),
(9786,	2119,	'2023-04-02 08:51:34'),
(9787,	2093,	'2023-05-29 12:47:27'),
(9788,	2086,	'2023-06-29 15:18:08'),
(9789,	2074,	'2023-06-14 17:24:29'),
(9790,	2082,	'2023-05-16 12:45:09'),
(9791,	2057,	'2023-03-11 06:11:54'),
(9792,	2084,	'2023-04-01 12:40:32'),
(9793,	2045,	'2023-04-19 14:39:44'),
(9794,	2107,	'2023-05-28 16:54:00'),
(9795,	2080,	'2023-05-07 02:47:32'),
(9796,	2060,	'2023-06-30 13:25:32');